strategy,eps,total_images,nn2_clean_correct_images,nn2_clean_accuracy_all,robust_accuracy_clean_correct,targeted_asr_clean_correct,untargeted_asr_clean_correct,targeted_successes,untargeted_successes,resisted
least-likely,0.001,915,888,0.9704918032786886,0.9943693693693694,0.0,0.00563063063063063,0,5,883
least-likely,0.005,915,888,0.9704918032786886,0.9786036036036037,0.0,0.021396396396396396,0,19,869
least-likely,0.01,915,888,0.9704918032786886,0.9504504504504504,0.0,0.04954954954954955,0,44,844
least-likely,0.02,915,888,0.9704918032786886,0.7646396396396397,0.0,0.23536036036036037,0,209,679
least-likely,0.04,915,888,0.9704918032786886,0.4594594594594595,0.0,0.5405405405405406,0,480,408
least-likely,0.05,915,888,0.9704918032786886,0.35135135135135137,0.0,0.6486486486486487,0,576,312
