strategy,eps,total_images,nn2_clean_correct_images,nn2_clean_accuracy_all,robust_accuracy_clean_correct,targeted_asr_clean_correct,untargeted_asr_clean_correct,targeted_successes,untargeted_successes,resisted
random,0.025,915,888,0.9704918032786886,0.6103603603603603,0.012387387387387387,0.37725225225225223,11,335,542
random,0.05,915,888,0.9704918032786886,0.2972972972972973,0.02252252252252252,0.6801801801801802,20,604,264
random,0.075,915,888,0.9704918032786886,0.17454954954954954,0.030405405405405407,0.795045045045045,27,706,155
random,0.1,915,888,0.9704918032786886,0.1036036036036036,0.028153153153153154,0.8682432432432432,25,771,92
random,0.15,915,888,0.9704918032786886,0.04054054054054054,0.012387387387387387,0.9470720720720721,11,841,36
random,0.2,915,888,0.9704918032786886,0.010135135135135136,0.0022522522522522522,0.9876126126126126,2,877,9
