strategy,eps,total_images,nn2_clean_correct_images,nn2_clean_accuracy_all,robust_accuracy_clean_correct,targeted_asr_clean_correct,untargeted_asr_clean_correct,targeted_successes,untargeted_successes,resisted
next_best,0.001,915,888,0.9704918032786886,0.9966216216216216,0.0,0.0033783783783783786,0,3,885
next_best,0.005,915,888,0.9704918032786886,0.9572072072072072,0.03265765765765766,0.010135135135135136,29,9,850
next_best,0.01,915,888,0.9704918032786886,0.9009009009009009,0.08558558558558559,0.013513513513513514,76,12,800
next_best,0.02,915,888,0.9704918032786886,0.8085585585585585,0.17004504504504506,0.021396396396396396,151,19,718
next_best,0.04,915,888,0.9704918032786886,0.6531531531531531,0.32319819819819817,0.02364864864864865,287,21,580
next_best,0.05,915,888,0.9704918032786886,0.6092342342342343,0.35585585585585583,0.03490990990990991,316,31,541
