eps,total_images,nn2_clean_correct_images,nn2_clean_accuracy_all,nn2_robust_accuracy_clean_correct,nn2_robust_accuracy_all,transfer_asr_clean_correct,prediction_change_rate_clean_correct
0.025,915,890,0.9726775956284153,0.9382022471910112,0.912568306010929,0.061797752808988804,0.06179775280898876
0.05,915,890,0.9726775956284153,0.8112359550561797,0.7890710382513662,0.18876404494382026,0.18876404494382024
0.075,915,890,0.9726775956284153,0.6213483146067416,0.6043715846994535,0.37865168539325844,0.37865168539325844
0.1,915,890,0.9726775956284153,0.4898876404494382,0.47650273224043715,0.5101123595505618,0.5101123595505618
0.15,915,890,0.9726775956284153,0.2539325842696629,0.24699453551912567,0.7460674157303371,0.7460674157303371
0.2,915,890,0.9726775956284153,0.12921348314606743,0.12568306010928962,0.8707865168539326,0.8707865168539326
