eps,total_images,nn2_clean_correct_images,nn2_clean_accuracy_all,nn2_robust_accuracy_clean_correct,nn2_robust_accuracy_all,transfer_asr_clean_correct,prediction_change_rate_clean_correct
0.025,915,888,0.9704918032786886,0.9391891891891891,0.9114754098360656,0.060810810810810856,0.060810810810810814
0.05,915,888,0.9704918032786886,0.8006756756756757,0.7770491803278688,0.19932432432432434,0.19932432432432431
0.075,915,888,0.9704918032786886,0.6227477477477478,0.6043715846994535,0.37725225225225223,0.37725225225225223
0.1,915,888,0.9704918032786886,0.4583333333333333,0.4448087431693989,0.5416666666666667,0.5416666666666666
0.15,915,888,0.9704918032786886,0.22972972972972974,0.22295081967213115,0.7702702702702703,0.7702702702702703
0.2,915,888,0.9704918032786886,0.11824324324324324,0.11475409836065574,0.8817567567567568,0.8817567567567568
