strategy,eps,total_images,nn2_clean_correct_images,nn2_clean_accuracy_all,robust_accuracy_clean_correct,targeted_asr_clean_correct,untargeted_asr_clean_correct,targeted_successes,untargeted_successes,resisted
least-likely,0.025,915,888,0.9704918032786886,0.5619369369369369,0.0,0.4380630630630631,0,389,499
least-likely,0.05,915,888,0.9704918032786886,0.2376126126126126,0.0045045045045045045,0.7578828828828829,4,673,211
least-likely,0.075,915,888,0.9704918032786886,0.10247747747747747,0.01463963963963964,0.8828828828828829,13,784,91
least-likely,0.1,915,888,0.9704918032786886,0.060810810810810814,0.024774774774774775,0.9144144144144144,22,812,54
least-likely,0.15,915,888,0.9704918032786886,0.02364864864864865,0.04391891891891892,0.9324324324324325,39,828,21
least-likely,0.2,915,888,0.9704918032786886,0.0033783783783783786,0.05292792792792793,0.9436936936936937,47,838,3
