eps,total_images,nn2_clean_correct_images,nn2_clean_accuracy_all,nn2_robust_accuracy_clean_correct,nn2_robust_accuracy_all,transfer_asr_clean_correct,prediction_change_rate_clean_correct
0.025,915,890,0.9726775956284153,0.36292134831460676,0.35300546448087433,0.6370786516853932,0.6370786516853932
0.05,915,890,0.9726775956284153,0.10674157303370786,0.10382513661202186,0.8932584269662921,0.8932584269662921
0.075,915,890,0.9726775956284153,0.0651685393258427,0.0633879781420765,0.9348314606741573,0.9348314606741573
0.1,915,890,0.9726775956284153,0.029213483146067417,0.02841530054644809,0.9707865168539326,0.9707865168539326
0.15,915,890,0.9726775956284153,0.014606741573033709,0.014207650273224045,0.9853932584269663,0.9853932584269663
0.2,915,890,0.9726775956284153,0.0022471910112359553,0.002185792349726776,0.9977528089887641,0.9977528089887641
