eps,total_images,nn2_clean_correct_images,nn2_clean_accuracy_all,nn2_robust_accuracy_clean_correct,nn2_robust_accuracy_all,transfer_asr_clean_correct,prediction_change_rate_clean_correct
0.025,915,888,0.9704918032786886,0.34797297297297297,0.3377049180327869,0.652027027027027,0.652027027027027
0.05,915,888,0.9704918032786886,0.11824324324324324,0.11475409836065574,0.8817567567567568,0.8817567567567568
0.075,915,888,0.9704918032786886,0.05855855855855856,0.05683060109289618,0.9414414414414415,0.9414414414414415
0.1,915,888,0.9704918032786886,0.030405405405405407,0.029508196721311476,0.9695945945945946,0.9695945945945946
0.15,915,888,0.9704918032786886,0.01126126126126126,0.01092896174863388,0.9887387387387387,0.9887387387387387
0.2,915,888,0.9704918032786886,0.0033783783783783786,0.003278688524590164,0.9966216216216216,0.9966216216216216
