strategy,eps,total_images,nn2_clean_correct_images,nn2_clean_accuracy_all,robust_accuracy_clean_correct,targeted_asr_clean_correct,untargeted_asr_clean_correct,targeted_successes,untargeted_successes,resisted
rr_lookalikes,0.025,774,729,0.9418604651162791,0.6145404663923183,0.023319615912208505,0.36213991769547327,17,264,448
rr_lookalikes,0.05,774,729,0.9418604651162791,0.32510288065843623,0.05075445816186557,0.6241426611796982,37,455,237
rr_lookalikes,0.075,774,729,0.9418604651162791,0.20027434842249658,0.05075445816186557,0.7489711934156379,37,546,146
rr_lookalikes,0.1,774,729,0.9418604651162791,0.13443072702331962,0.04938271604938271,0.8161865569272977,36,595,98
rr_lookalikes,0.15,774,729,0.9418604651162791,0.0438957475994513,0.039780521262002745,0.9163237311385459,29,668,32
rr_lookalikes,0.2,774,729,0.9418604651162791,0.00823045267489712,0.013717421124828532,0.9780521262002744,10,713,6
