eps,total_images,nn2_clean_correct_images,nn2_clean_accuracy_all,nn2_robust_accuracy_clean_correct,nn2_robust_accuracy_all,transfer_asr_clean_correct,prediction_change_rate_clean_correct
0.001,915,890,0.9726775956284153,0.9955056179775281,0.9683060109289617,0.004494382022471877,0.0044943820224719105
0.003,915,890,0.9726775956284153,0.9696629213483146,0.9431693989071038,0.030337078651685445,0.030337078651685393
0.005,915,890,0.9726775956284153,0.9404494382022472,0.9147540983606557,0.059550561797752755,0.05955056179775281
0.01,915,890,0.9726775956284153,0.7764044943820225,0.7551912568306011,0.22359550561797747,0.22359550561797753
0.015,915,890,0.9726775956284153,0.6022471910112359,0.585792349726776,0.3977528089887641,0.39775280898876403
0.02,915,890,0.9726775956284153,0.4370786516853933,0.42513661202185793,0.5629213483146067,0.5629213483146067
