strategy,eps,total_images,nn2_clean_correct_images,nn2_clean_accuracy_all,robust_accuracy_clean_correct,targeted_asr_clean_correct,untargeted_asr_clean_correct,targeted_successes,untargeted_successes,resisted
least-likely,0.025,915,888,0.9704918032786886,0.6407657657657657,0.0,0.35923423423423423,0,319,569
least-likely,0.05,915,888,0.9704918032786886,0.34797297297297297,0.0,0.652027027027027,0,579,309
least-likely,0.075,915,888,0.9704918032786886,0.21509009009009009,0.0,0.7849099099099099,0,697,191
least-likely,0.1,915,888,0.9704918032786886,0.13288288288288289,0.0,0.8671171171171171,0,770,118
least-likely,0.15,915,888,0.9704918032786886,0.04279279279279279,0.0,0.9572072072072072,0,850,38
least-likely,0.2,915,888,0.9704918032786886,0.009009009009009009,0.0,0.990990990990991,0,880,8
