strategy,eps,total_images,nn2_clean_correct_images,nn2_clean_accuracy_all,robust_accuracy_clean_correct,targeted_asr_clean_correct,untargeted_asr_clean_correct,targeted_successes,untargeted_successes,resisted
rr_extremes,0.025,792,774,0.9772727272727273,0.5930232558139535,0.01937984496124031,0.3875968992248062,15,300,459
rr_extremes,0.05,792,774,0.9772727272727273,0.33462532299741604,0.023255813953488372,0.6421188630490956,18,497,259
rr_extremes,0.075,792,774,0.9772727272727273,0.24160206718346253,0.020671834625323,0.7377260981912145,16,571,187
rr_extremes,0.1,792,774,0.9772727272727273,0.17183462532299743,0.015503875968992248,0.8126614987080103,12,629,133
rr_extremes,0.15,792,774,0.9772727272727273,0.06718346253229975,0.003875968992248062,0.9289405684754521,3,719,52
rr_extremes,0.2,792,774,0.9772727272727273,0.00516795865633075,0.002583979328165375,0.9922480620155039,2,768,4
