strategy,eps,total_images,nn2_clean_correct_images,nn2_clean_accuracy_all,robust_accuracy_clean_correct,targeted_asr_clean_correct,untargeted_asr_clean_correct,targeted_successes,untargeted_successes,resisted
rr_diversity,0.025,738,711,0.9634146341463414,0.49226441631504925,0.011251758087201125,0.4964838255977497,8,353,350
rr_diversity,0.05,738,711,0.9634146341463414,0.21940928270042195,0.01969057665260197,0.7609001406469761,14,541,156
rr_diversity,0.075,738,711,0.9634146341463414,0.13361462728551335,0.026722925457102673,0.8396624472573839,19,597,95
rr_diversity,0.1,738,711,0.9634146341463414,0.07172995780590717,0.035161744022503515,0.8931082981715893,25,635,51
rr_diversity,0.15,738,711,0.9634146341463414,0.029535864978902954,0.02531645569620253,0.9451476793248945,18,672,21
rr_diversity,0.2,738,711,0.9634146341463414,0.008438818565400843,0.005625879043600563,0.9859353023909986,4,701,6
