strategy,eps,total_images,nn2_clean_correct_images,nn2_clean_accuracy_all,robust_accuracy_clean_correct,targeted_asr_clean_correct,untargeted_asr_clean_correct,targeted_successes,untargeted_successes,resisted
random,0.001,915,888,0.9704918032786886,0.9966216216216216,0.0,0.0033783783783783786,0,3,885
random,0.005,915,888,0.9704918032786886,0.9842342342342343,0.0,0.015765765765765764,0,14,874
random,0.01,915,888,0.9704918032786886,0.9617117117117117,0.0011261261261261261,0.037162162162162164,1,33,854
random,0.02,915,888,0.9704918032786886,0.884009009009009,0.0033783783783783786,0.11261261261261261,3,100,785
random,0.04,915,888,0.9704918032786886,0.7038288288288288,0.015765765765765764,0.28040540540540543,14,249,625
random,0.05,915,888,0.9704918032786886,0.6475225225225225,0.02027027027027027,0.3322072072072072,18,295,575
