eps,total_images,nn2_clean_correct_images,nn2_clean_accuracy_all,nn2_robust_accuracy_clean_correct,nn2_robust_accuracy_all,transfer_asr_clean_correct,prediction_change_rate_clean_correct
0.001,915,888,0.9704918032786886,0.9898648648648649,0.9606557377049181,0.010135135135135087,0.010135135135135136
0.003,915,888,0.9704918032786886,0.9718468468468469,0.9431693989071038,0.028153153153153143,0.028153153153153154
0.005,915,888,0.9704918032786886,0.9324324324324325,0.9049180327868852,0.06756756756756754,0.06756756756756757
0.01,915,888,0.9704918032786886,0.759009009009009,0.7366120218579235,0.24099099099099097,0.240990990990991
0.015,915,888,0.9704918032786886,0.5686936936936937,0.5519125683060109,0.4313063063063063,0.4313063063063063
0.02,915,888,0.9704918032786886,0.3975225225225225,0.38579234972677595,0.6024774774774775,0.6024774774774775
