strategy,eps,total_images,nn2_clean_correct_images,nn2_clean_accuracy_all,robust_accuracy_clean_correct,targeted_asr_clean_correct,untargeted_asr_clean_correct,targeted_successes,untargeted_successes,resisted
next_best,0.025,915,888,0.9704918032786886,0.6655405405405406,0.3119369369369369,0.02252252252252252,277,20,591
next_best,0.05,915,888,0.9704918032786886,0.42567567567567566,0.5472972972972973,0.02702702702702703,486,24,378
next_best,0.075,915,888,0.9704918032786886,0.2545045045045045,0.7027027027027027,0.04279279279279279,624,38,226
next_best,0.1,915,888,0.9704918032786886,0.18018018018018017,0.7646396396396397,0.05518018018018018,679,49,160
next_best,0.15,915,888,0.9704918032786886,0.10022522522522523,0.7995495495495496,0.10022522522522523,710,89,89
next_best,0.2,915,888,0.9704918032786886,0.06756756756756757,0.7713963963963963,0.16103603603603603,685,143,60
