strategy,eps,total_images,nn2_clean_correct_images,nn2_clean_accuracy_all,robust_accuracy_clean_correct,targeted_asr_clean_correct,untargeted_asr_clean_correct,targeted_successes,untargeted_successes,resisted
random,0.025,915,888,0.9704918032786886,0.7567567567567568,0.009009009009009009,0.23423423423423423,8,208,672
random,0.05,915,888,0.9704918032786886,0.4797297297297297,0.06306306306306306,0.4572072072072072,56,406,426
random,0.075,915,888,0.9704918032786886,0.32432432432432434,0.11936936936936937,0.5563063063063063,106,494,288
random,0.1,915,888,0.9704918032786886,0.20382882882882883,0.14301801801801803,0.6531531531531531,127,580,181
random,0.15,915,888,0.9704918032786886,0.10247747747747747,0.2195945945945946,0.6779279279279279,195,602,91
random,0.2,915,888,0.9704918032786886,0.04842342342342342,0.2286036036036036,0.722972972972973,203,642,43
