eps,total_images,nn2_clean_correct_images,nn2_clean_accuracy_all,nn2_robust_accuracy_clean_correct,nn2_robust_accuracy_all,transfer_asr_clean_correct,prediction_change_rate_clean_correct
0.025,915,890,0.9726775956284153,0.949438202247191,0.9234972677595629,0.050561797752809,0.05056179775280899
0.05,915,890,0.9726775956284153,0.8179775280898877,0.7956284153005464,0.18202247191011234,0.18202247191011237
0.075,915,890,0.9726775956284153,0.6617977528089888,0.6437158469945355,0.3382022471910112,0.3382022471910112
0.1,915,890,0.9726775956284153,0.503370786516854,0.4896174863387978,0.49662921348314604,0.4966292134831461
0.15,915,890,0.9726775956284153,0.2932584269662921,0.28524590163934427,0.7067415730337079,0.7067415730337079
0.2,915,890,0.9726775956284153,0.15842696629213482,0.1540983606557377,0.8415730337078652,0.8415730337078652
