strategy,eps,total_images,nn2_clean_correct_images,nn2_clean_accuracy_all,robust_accuracy_clean_correct,targeted_asr_clean_correct,untargeted_asr_clean_correct,targeted_successes,untargeted_successes,resisted
next_best,0.025,915,888,0.9704918032786886,0.29954954954954954,0.615990990990991,0.08445945945945946,547,75,266
next_best,0.05,915,888,0.9704918032786886,0.09121621621621621,0.6925675675675675,0.21621621621621623,615,192,81
next_best,0.075,915,888,0.9704918032786886,0.0518018018018018,0.5867117117117117,0.3614864864864865,521,321,46
next_best,0.1,915,888,0.9704918032786886,0.033783783783783786,0.4527027027027027,0.5135135135135135,402,456,30
next_best,0.15,915,888,0.9704918032786886,0.006756756756756757,0.16666666666666666,0.8265765765765766,148,734,6
next_best,0.2,915,888,0.9704918032786886,0.0045045045045045045,0.041666666666666664,0.9538288288288288,37,847,4
